Fecha,Tienda,Regi√≥n,Venta
2/24/2020,BlogXS,West,843595
10/29/2020,Meejo,West,918803
1/11/2020,Gigashots,East,545410
7/5/2020,Centidel,North,997569
12/25/2020,Kazu,South,550337
1/2/2021,Dablist,Central,795017
10/31/2020,Jaxnation,South,837141
11/12/2021,Bluezoom,South,190506
11/2/2021,Buzzbean,West,221379
5/29/2021,Yotz,West,850232
6/14/2020,Linktype,East,536605
10/29/2020,Jabberstorm,East,685361
9/1/2021,Edgeblab,Central,458585
11/2/2021,Devify,South,858127
7/29/2020,Gigashots,East,655181
4/29/2021,Camido,Central,657040
10/15/2020,Dynazzy,South,411059
10/8/2021,Gigashots,North,778542
11/28/2021,Gabtune,South,918200
5/30/2020,Shufflester,West,135686
7/21/2020,Zooxo,East,775726
3/20/2020,Realblab,Central,612579
4/13/2021,Realbridge,Central,358713
1/12/2021,Ntags,East,359014
9/9/2021,Riffpedia,West,558090
1/31/2020,Twitterwire,East,153007
8/5/2021,Divape,South,546998
11/9/2021,Bluezoom,Central,361031
12/15/2021,Oloo,West,322752
10/20/2021,Gabvine,Central,767933
2/25/2020,JumpXS,North,326704
7/28/2021,Camido,North,496675
2/26/2020,Jetwire,Central,764108
2/16/2020,Blogtags,West,106592
7/27/2021,Reallinks,South,934878
8/22/2020,Wikibox,South,411359
3/15/2020,Twitterbeat,West,381694
10/17/2020,Rhynyx,South,570538
8/22/2020,Feedbug,North,329466
5/17/2021,Zoonoodle,South,713839
9/25/2021,Quamba,South,426029
10/6/2021,Wikizz,Central,186872
2/1/2021,Zoombeat,East,351372
4/16/2020,Ntags,Central,563720
3/8/2021,Zooveo,East,946279
1/18/2021,Buzzdog,North,562128
8/3/2020,Mita,North,889383
1/3/2020,Avamba,South,411721
10/7/2021,Bubblebox,North,889436
5/11/2021,Dynazzy,South,973374
7/23/2021,Realcube,East,398494
11/17/2020,Buzzdog,North,571867
3/30/2020,Plajo,East,640453
10/19/2020,Trudeo,North,383445
11/10/2021,Yakidoo,East,281731
3/5/2021,Meevee,East,374017
6/1/2020,Wikizz,West,608775
7/1/2020,Zoomcast,South,977565
12/15/2021,Buzzster,North,775621
10/28/2020,Babbleset,South,367567
10/8/2020,Dabtype,Central,971447
5/24/2021,Livetube,South,320353
3/21/2021,Feednation,Central,102186
10/24/2021,Mydo,North,542601
1/2/2020,Zoomdog,West,466831
4/8/2021,Photojam,South,430650
11/8/2021,Mybuzz,North,561223
1/10/2021,Divanoodle,North,110973
7/9/2021,Skippad,Central,427293
8/13/2021,Skiptube,Central,323498
3/12/2020,Jetwire,South,627482
4/12/2021,Quimm,North,396468
10/22/2021,Thoughtblab,South,564893
3/25/2021,Twitterworks,South,968369
6/1/2020,Wordify,East,353852
1/18/2020,Topdrive,West,280335
5/7/2021,Oozz,West,671858
4/9/2020,Twitterbeat,East,894032
8/12/2021,Wikivu,West,598051
11/17/2020,Rhynyx,East,919583
3/9/2021,Quinu,East,402812
7/8/2020,Realblab,Central,924392
1/7/2020,Kazio,North,496102
12/18/2021,Thoughtstorm,South,965447
10/1/2020,Topicware,West,221718
4/19/2021,Babbleopia,North,524773
9/10/2021,Realpoint,West,763905
5/21/2020,Avamm,East,460817
8/7/2020,Blogspan,East,546955
12/1/2021,Podcat,Central,311485
11/3/2020,Trilith,South,697922
10/14/2020,Skipstorm,North,713962
12/10/2021,Skyvu,East,478811
6/27/2021,Wikizz,Central,949828
4/9/2021,Twitterbridge,South,197040
1/23/2021,Gigabox,North,642487
6/1/2021,Bluezoom,West,289930
6/18/2021,Kazu,Central,299627
12/15/2020,Topicshots,Central,747473
7/16/2021,Oodoo,South,372085
7/16/2020,Voolith,East,636373
6/19/2020,Babblestorm,East,677214
8/9/2020,Edgepulse,North,772123
9/1/2021,Npath,South,759151
4/15/2021,Divanoodle,West,765883
12/13/2021,Quamba,West,975761
9/18/2021,Leexo,South,261291
2/14/2021,Trilia,West,904444
9/21/2021,Dynava,West,211337
3/28/2021,Oyonder,South,883610
10/1/2021,Devpulse,North,857652
4/9/2021,Livefish,South,112864
4/7/2021,Devcast,West,887656
4/14/2021,Oloo,Central,367443
2/9/2021,Wordware,South,882545
2/18/2020,Twitterbeat,North,205123
5/8/2020,Thoughtbridge,East,339129
7/4/2020,Trupe,West,207500
9/17/2020,Topicshots,East,481729
1/7/2021,Flipstorm,South,117644
11/14/2021,Muxo,West,541725
7/4/2021,JumpXS,Central,376802
1/15/2020,Tagfeed,Central,734276
3/18/2020,Browsebug,Central,532103
6/15/2020,Rhybox,Central,396675
5/27/2021,Chatterbridge,Central,916333
1/11/2020,Agivu,North,629247
6/27/2020,Voolia,North,661749
9/14/2021,Photospace,Central,620999
6/15/2021,Avamm,Central,697178
4/4/2020,Rhycero,North,548010
7/15/2021,Npath,Central,227893
12/3/2021,Thoughtbeat,Central,785944
11/1/2021,Buzzbean,West,285187
5/27/2021,Brainsphere,South,878931
7/10/2021,Oyope,South,130624
1/4/2021,Divape,Central,997640
1/26/2021,Flashpoint,East,567600
12/12/2021,Babbleopia,North,372423
5/31/2020,Quatz,North,311203
7/24/2021,Mydeo,East,891812
4/8/2020,Bluejam,East,754839
10/26/2021,Jamia,West,758162
10/16/2021,Jazzy,East,688295
1/19/2020,Centizu,East,258935
11/11/2021,Twitterbridge,Central,783172
8/8/2021,Oba,West,535472
7/16/2020,Centizu,South,439569
4/12/2020,Wikido,North,386006
10/21/2020,Yodoo,Central,375935
5/4/2020,Voonder,East,982149
1/13/2021,Quimba,West,935330
1/19/2021,Trilia,West,800897
1/5/2020,Livetube,South,862813
4/16/2021,Edgeclub,West,124396
5/11/2021,Kaymbo,South,754534
10/16/2021,Viva,North,353840
7/2/2021,Zoomdog,West,915315
5/10/2021,Quinu,South,246494
6/8/2021,Browsedrive,North,835822
9/13/2020,Babbleopia,Central,562277
4/7/2020,Rhyloo,Central,488642
2/8/2020,Rhybox,East,680144
12/12/2020,Jaxnation,West,724432
3/5/2021,Tagfeed,Central,776054
4/14/2021,Eare,East,865147
7/7/2020,Yotz,South,778229
3/13/2021,Brightdog,South,639071
1/10/2021,Realcube,West,346593
5/6/2021,Twimm,East,177592
6/12/2020,Yata,West,499552
4/6/2021,Zoomcast,East,254156
9/9/2021,Yakitri,South,507241
8/5/2020,Reallinks,Central,635357
7/30/2020,Wordware,South,725435
8/7/2020,Livetube,Central,552892
7/27/2020,Muxo,West,463067
12/6/2021,Thoughtstorm,Central,472642
6/30/2020,Brainlounge,West,316269
1/31/2021,Flipbug,Central,634545
10/25/2020,Miboo,East,895032
10/25/2020,Tagpad,Central,668995
4/20/2021,Kwimbee,South,601124
7/19/2020,Yabox,East,671316
8/6/2021,Twitterlist,Central,825499
5/25/2021,Realfire,West,995225
8/3/2021,Twitterbeat,South,447852
9/13/2021,Jatri,South,474045
4/2/2020,Jaxnation,West,265333
1/22/2021,Yakitri,West,406381
10/4/2020,Minyx,North,766248
1/23/2021,Flipbug,East,576556
2/28/2021,Innojam,North,631879
5/23/2021,Topicware,South,755729
11/10/2020,Gigaclub,West,272195
11/7/2021,Ailane,Central,920597
2/27/2020,Einti,Central,133386
7/9/2020,Yambee,North,133229
2/26/2021,Dabvine,North,480562
8/25/2020,Browseblab,South,872106
6/23/2021,Brainbox,East,602286
1/21/2021,Eayo,West,538152
11/11/2021,Rhybox,West,103928
1/11/2020,Devshare,South,558169
11/10/2021,Trudoo,West,298168
3/5/2021,Flashdog,South,926174
2/21/2020,Oba,East,159998
6/8/2020,Plambee,Central,573863
1/14/2021,Quimba,North,267682
3/10/2020,Twimbo,East,664417
5/20/2021,Livetube,East,596100
9/21/2021,Realblab,North,358001
2/10/2021,Tagchat,West,103809
6/12/2020,Katz,East,170067
5/6/2020,Skajo,Central,603928
9/19/2021,Topicstorm,East,474001
6/28/2020,Browsebug,North,430090
9/6/2021,Thoughtbridge,East,610726
12/30/2020,Photospace,East,880288
12/28/2020,Fivebridge,East,651184
2/28/2021,Mybuzz,North,807779
2/26/2021,Livetube,Central,323394
10/27/2020,Oodoo,Central,299878
1/16/2020,Browsecat,West,335628
5/28/2021,Voonyx,North,292518
10/5/2020,Brightbean,North,939425
11/16/2021,Flashdog,East,248605
8/11/2021,Tazz,West,473207
1/15/2021,Oloo,East,544249
10/5/2020,Roomm,North,216576
7/1/2021,Fivebridge,West,662114
12/30/2020,Shufflester,North,105088
7/21/2021,Mynte,North,214716
12/25/2021,Mydo,South,919399
4/21/2020,Jatri,West,790085
1/3/2020,Yata,North,626142
9/22/2020,Wikizz,Central,642335
1/26/2020,BlogXS,East,100093
12/25/2021,Skaboo,East,131685
11/5/2021,Voomm,North,636097
1/6/2021,Realcube,West,409174
9/4/2020,Gabcube,Central,439513
5/15/2020,Fivebridge,Central,229628
10/20/2021,Meetz,East,798876
2/4/2021,Dabfeed,West,175504
9/17/2021,Jaxspan,South,320686
10/9/2021,Jabberstorm,North,276728
3/9/2021,Trupe,East,159047
8/9/2020,Yabox,Central,149817
8/24/2020,Thoughtsphere,West,369228
10/26/2020,Feedfire,West,258337
4/24/2021,Twitterlist,East,184061
3/13/2020,Gabvine,Central,106075
8/13/2021,Flashspan,West,939848
4/24/2021,Skinte,South,464656
11/2/2020,Leexo,North,455704
1/23/2020,Cogilith,South,481490
2/19/2020,Topdrive,East,461235
10/15/2020,Meembee,Central,770782
12/23/2020,Eire,South,310698
6/23/2021,Brainlounge,Central,665764
7/19/2021,Kwinu,North,610466
9/11/2021,Linktype,West,409359
8/10/2020,Eazzy,Central,257595
9/26/2021,Dabtype,East,215874
10/5/2021,Zava,North,213069
7/5/2021,Buzzbean,East,255214
6/30/2020,Podcat,West,153063
11/25/2020,Roomm,South,470478
5/27/2020,Twitterwire,South,375402
12/27/2021,Lazz,South,794972
3/17/2020,Realmix,South,578685
3/1/2020,Cogibox,Central,107893
5/2/2021,Browseblab,South,405075
1/8/2021,Demivee,South,413698
6/22/2020,Podcat,Central,585461
12/6/2020,Zoomzone,West,644698
5/19/2021,Demivee,North,881942
5/8/2021,Quimba,East,710592
5/19/2021,Livetube,East,712102
2/25/2021,Eayo,West,765725
10/21/2020,LiveZ,West,285285
5/23/2021,Rhycero,North,861235
6/8/2021,Yakitri,West,186420
10/4/2021,Skipstorm,West,177484
8/25/2020,Tekfly,East,922825
2/20/2020,Divavu,East,985153
3/27/2020,Chatterpoint,South,282133
7/7/2020,Vitz,West,826150
9/17/2020,Eayo,Central,965538
9/13/2021,Dynazzy,Central,186655
12/25/2021,Wordpedia,North,372917
2/26/2020,Gabtype,East,890306
5/22/2020,Eire,West,539990
6/18/2021,Fiveclub,South,773466
10/18/2020,Devbug,West,624472
3/22/2021,Camimbo,South,258650
12/18/2020,Meevee,North,807372
5/8/2021,Gigabox,North,171731
3/3/2020,Quinu,South,797164
7/18/2021,Divape,South,253788
8/1/2020,Ntag,Central,344005
6/26/2020,Jamia,Central,383023
12/6/2020,Meejo,West,609538
9/5/2020,Oba,North,582734
5/8/2021,BlogXS,North,844325
2/21/2021,Blogtags,West,731122
1/9/2021,Eazzy,North,195174
2/18/2020,Centizu,East,254560
6/4/2020,Katz,East,804147
4/20/2020,Tanoodle,Central,488955
8/1/2020,Eabox,Central,327604
7/28/2020,Jaxbean,Central,795886
2/8/2021,Gigabox,North,727535
6/5/2020,Babbleblab,Central,699186
2/4/2020,Trudoo,North,903102
2/17/2020,Edgepulse,East,585871
3/8/2021,Feednation,North,636810
5/26/2020,Katz,West,220130
5/11/2021,Blogtag,East,572603
6/28/2021,Quimba,South,460160
5/25/2020,Kayveo,South,357363
5/25/2020,Dynabox,East,497788
9/17/2020,Skipstorm,East,879702
2/5/2021,Meeveo,South,822540
5/15/2020,Bubblemix,North,625212
8/2/2021,Meevee,West,650901
10/10/2021,Jaloo,West,716726
8/5/2021,Oyondu,North,217765
12/25/2021,Edgeclub,North,945230
6/9/2020,Voomm,West,843391
11/28/2020,Fatz,North,951801
3/16/2020,Camido,South,387694
9/12/2020,Divanoodle,East,804840
6/3/2021,Babblestorm,West,911624
9/28/2020,Eire,West,976673
12/8/2020,Shufflebeat,East,235046
7/4/2020,Eare,Central,397739
1/2/2020,Skyba,Central,636107
9/13/2021,Avamm,Central,988907
1/14/2020,Shuffletag,East,381342
2/22/2021,Oodoo,Central,845460
7/11/2021,Ntags,South,605138
2/25/2021,Realbridge,Central,580973
9/30/2021,Wikido,North,624570
2/20/2021,Voolia,North,307622
8/20/2020,Roombo,West,394003
4/3/2021,Zazio,Central,121632
9/12/2020,Kamba,East,951853
4/8/2021,Midel,South,419308
8/24/2021,Brainbox,Central,645626
3/7/2020,Vidoo,East,893846
2/17/2021,Agivu,Central,227599
10/9/2020,Tekfly,North,108448
3/12/2021,Realmix,South,242658
2/8/2021,Jetpulse,Central,492286
6/20/2020,Brightbean,Central,241757
5/31/2021,Jayo,South,602660
12/14/2021,Leenti,Central,170753
12/1/2020,Wikizz,East,816851
9/14/2020,Trudeo,Central,177400
7/8/2020,Bubblemix,West,514790
10/28/2020,Thoughtmix,Central,783480
10/18/2021,Oloo,North,664167
3/31/2021,Yakidoo,West,954308
10/5/2021,Shufflebeat,South,617547
7/7/2020,Topiclounge,South,494452
4/2/2021,Brightdog,West,862125
2/4/2021,Innotype,West,864824
6/22/2021,Cogilith,West,364688
3/8/2021,Trilith,South,529520
6/9/2021,Thoughtblab,West,698765
10/21/2020,Ozu,South,736105
6/1/2021,Mynte,Central,840155
12/8/2020,Demivee,Central,953054
1/30/2021,Yabox,East,511264
4/17/2020,Vimbo,Central,852650
2/27/2021,Zoomzone,Central,488698
7/2/2021,Edgewire,East,290789
1/24/2020,Rooxo,Central,606888
3/23/2020,Flipstorm,West,748363
10/16/2021,Yakidoo,South,207851
1/3/2021,Zoombox,South,377445
10/9/2021,Browsetype,North,232985
2/6/2021,Eidel,West,339533
1/9/2021,Pixoboo,South,595717
5/6/2021,Kazu,West,599982
3/11/2020,Digitube,North,242617
10/9/2021,Yotz,South,129207
9/24/2020,Geba,North,405716
7/14/2020,Reallinks,North,719625
11/2/2021,Digitube,East,991585
5/26/2020,Thoughtmix,West,223959
5/1/2021,Bluejam,Central,781263
9/18/2021,Voonyx,West,916569
8/28/2021,Demivee,Central,550440
12/7/2020,Yadel,West,946039
9/7/2021,Zoomzone,East,726156
6/27/2021,Roombo,South,214694
9/24/2021,Centizu,East,283803
5/17/2020,Gabtune,North,486639
8/1/2020,Brightbean,North,614692
12/23/2021,Babbleset,East,585729
10/1/2020,Zooxo,South,231153
8/25/2020,Realblab,North,761740
6/2/2020,Eamia,South,160524
2/18/2021,Skyba,Central,159283
10/6/2020,Trudeo,East,235327
8/8/2021,Blognation,South,464492
8/20/2021,Aimbo,South,533309
8/7/2021,Kwilith,North,321819
4/20/2021,Ainyx,South,721783
8/29/2021,Oba,North,469240
4/22/2020,Topdrive,South,558782
11/10/2021,Twiyo,North,461188
9/15/2021,Skiba,Central,308084
11/22/2021,Devpoint,West,508027
3/30/2020,Gevee,West,228573
4/1/2021,Jabbercube,North,456562
5/29/2021,Rooxo,West,956594
9/21/2021,Jatri,North,789057
11/15/2021,Voomm,West,683113
1/9/2021,Eadel,East,600123
9/26/2021,Roombo,East,963178
8/11/2020,Quatz,Central,442884
11/16/2021,Tanoodle,West,270040
2/15/2020,Jabberbean,Central,849535
3/26/2020,Dynabox,West,881967
9/28/2020,Brainbox,East,894939
5/13/2021,Thoughtworks,Central,619942
4/5/2020,Zazio,West,713153
2/12/2020,Plambee,South,109286
12/2/2020,Jazzy,North,537831
4/9/2021,Brainbox,West,154009
6/28/2021,Avamm,Central,661780
4/28/2020,Photobug,North,611993
12/31/2020,Trilith,West,278837
12/24/2021,Kwinu,Central,741552
11/3/2020,Brightdog,South,554372
10/11/2020,Browseblab,South,412333
12/24/2021,Kimia,North,374296
8/25/2021,Ailane,North,656652
9/2/2021,Ntags,Central,171281
8/2/2021,Youspan,North,419693
3/9/2020,Twitterwire,Central,690415
3/12/2021,Linklinks,Central,742731
8/31/2021,Oyope,North,122338
2/14/2021,Eimbee,Central,757263
8/26/2020,Dabfeed,South,933152
2/2/2021,Skivee,South,356901
3/21/2020,Skajo,South,600605
11/10/2021,Feedfish,South,846024
10/29/2021,Kwideo,North,505387
9/9/2021,Ooba,West,700326
11/13/2020,Cogilith,East,450238
8/11/2021,Devpulse,South,398807
7/31/2020,Skynoodle,South,525414
6/26/2020,Cogidoo,West,455708
10/5/2021,Buzzshare,South,786966
6/7/2021,Flashpoint,North,350946
11/5/2020,Viva,West,824567
8/16/2021,Jabbercube,East,305842
5/16/2020,Skipfire,North,844793
8/15/2021,Bluejam,West,182561
1/1/2020,Thoughtstorm,West,270711
10/23/2020,Cogidoo,Central,655355
7/2/2020,Quimba,West,793578
10/6/2021,Kimia,South,723823
11/1/2021,Meedoo,South,612074
11/18/2020,Layo,South,712052
2/22/2021,Linktype,Central,736099
9/29/2020,Wikido,East,307025
4/8/2021,Yodo,South,141022
5/28/2020,Brainsphere,East,804191
8/8/2020,Zoombeat,East,667731
4/2/2021,Youopia,West,909072
2/23/2020,Ozu,West,280876
3/24/2020,Wordpedia,Central,348370
5/29/2021,Jaxspan,West,149865
12/8/2020,Voolith,West,572436
11/27/2021,Feedfire,West,341994
9/26/2021,Brainlounge,West,558090
5/18/2021,Jaloo,East,968211
6/12/2020,Divanoodle,West,855863
1/13/2021,Thoughtsphere,East,800672
8/6/2021,Meevee,East,768291
2/26/2020,Fiveclub,North,585916
3/2/2020,Skidoo,West,588834
6/20/2021,Livefish,South,188925
10/24/2020,Oozz,East,545131
3/19/2020,Gigabox,West,790674
1/5/2020,Flipbug,East,313329
1/8/2020,Trupe,East,897336
10/19/2021,Aibox,West,107836
1/2/2020,Skinix,West,580624
10/17/2020,Linkbuzz,West,797049
6/17/2021,Babbleopia,East,598547
5/29/2021,Oozz,East,344029
3/9/2020,Livetube,South,570082
9/28/2021,Vipe,East,126199
9/10/2020,Yakitri,West,159646
3/19/2021,Jatri,West,788424
11/27/2021,Voomm,North,796953
7/4/2021,Babblestorm,South,469877
2/9/2021,Skimia,West,716536
2/5/2020,Centidel,East,881344
12/15/2020,Divavu,West,479592
7/21/2021,Trunyx,Central,757114
10/15/2021,Mynte,South,347562
3/22/2021,Thoughtbridge,South,120022
6/20/2021,Katz,East,203614
10/13/2020,Yakijo,Central,569882
3/25/2021,Jamia,West,993004
6/11/2021,Myworks,North,187755
2/18/2021,Jabbercube,East,453156
4/7/2020,Jabbersphere,West,590978
11/26/2021,Oloo,North,479507
7/22/2020,Linklinks,Central,132708
9/11/2021,Trunyx,West,820498
9/8/2020,Skiptube,West,300987
10/27/2020,Linktype,West,943801
3/20/2020,Fliptune,West,837018
2/26/2020,Yabox,West,738212
4/23/2020,Minyx,South,488225
5/28/2020,Skinix,North,573401
7/10/2020,Divanoodle,Central,606423
7/6/2021,Riffpath,North,758430
1/22/2020,Dynabox,Central,528881
5/30/2021,Feedmix,West,312358
1/2/2020,Jaxworks,East,791492
6/28/2020,Gabtype,Central,650638
11/20/2020,Fliptune,East,327991
5/31/2021,Meembee,East,281448
3/20/2020,Realbridge,South,103202
12/3/2020,Fivespan,North,817420
1/28/2021,Babblestorm,North,972337
5/22/2021,Trupe,North,804266
11/18/2020,Feedfish,South,569512
3/24/2020,Wikizz,North,177931
4/8/2021,Innotype,Central,455669
10/29/2020,Oyondu,South,850428
12/1/2021,Riffpedia,West,330378
6/9/2021,Tanoodle,South,671769
10/4/2021,Nlounge,South,578939
2/7/2020,Omba,West,878216
10/26/2020,Youfeed,South,572986
6/19/2020,Skivee,North,395571
11/15/2020,Zoomzone,West,446933
12/8/2021,Gigaclub,North,831249
2/6/2021,Avaveo,Central,622383
4/17/2021,Chatterbridge,South,237932
4/11/2020,Nlounge,South,927428
8/4/2020,Trudoo,West,996550
12/20/2020,Kaymbo,South,537918
10/30/2021,Yombu,North,157464
2/13/2021,Browsetype,East,184546
11/24/2020,Twitternation,Central,209139
4/24/2020,Edgetag,Central,608803
1/15/2021,Yodo,West,113600
7/2/2020,Skipfire,North,226651
8/15/2020,Rhyzio,East,355717
3/6/2021,Meezzy,South,657859
7/1/2020,Meevee,South,483553
5/20/2020,Livetube,South,926452
10/26/2020,Jetpulse,North,900408
7/31/2020,Mybuzz,South,761580
8/2/2020,Fanoodle,North,689582
3/13/2021,Mydo,West,441734
7/13/2020,Oloo,Central,190304
7/22/2020,Reallinks,North,312367
12/4/2020,Devpulse,North,118054
10/1/2021,Geba,Central,229128
6/14/2021,Skipfire,Central,931484
11/29/2021,Zoombox,South,765902
4/18/2021,Demivee,North,359205
8/4/2020,Youtags,North,944067
3/14/2021,Youtags,Central,236366
12/2/2021,Kwimbee,Central,172445
8/12/2021,Skidoo,Central,208324
9/30/2021,Jatri,North,643965
5/8/2021,Dynazzy,Central,478490
9/21/2020,Feedfire,West,241054
2/14/2021,Vidoo,East,540735
1/16/2020,Divape,Central,499442
7/4/2020,Photobean,North,305894
7/7/2020,Mynte,West,852408
12/25/2021,Voonix,West,895213
9/11/2021,Topdrive,Central,718448
11/28/2020,Devpulse,South,754551
11/16/2020,Camimbo,South,755087
1/5/2020,Realcube,South,462570
8/18/2020,Skippad,West,585782
5/3/2021,Devshare,West,803698
11/26/2020,Brainbox,North,424186
9/28/2020,Zooxo,South,189257
3/17/2020,Mymm,Central,543185
10/4/2020,Dynabox,South,371622
4/7/2020,Fiveclub,Central,432012
1/27/2021,Einti,East,485779
3/13/2021,Dynabox,South,108591
1/11/2020,Oozz,North,593082
11/16/2020,Buzzster,West,342420
3/9/2021,Wikivu,East,900858
5/16/2021,Topiczoom,Central,498575
12/28/2021,Youbridge,South,539877
7/13/2021,Mynte,Central,811899
6/21/2020,Fivebridge,East,703659
5/28/2020,Browseblab,South,528297
10/3/2020,Jabbercube,West,740600
7/10/2021,Camido,West,492702
3/19/2021,Mybuzz,West,936247
11/28/2020,Livetube,West,969784
11/7/2020,Eazzy,Central,384911
12/16/2021,Trilia,West,872511
12/29/2020,Browsebug,South,687057
10/4/2020,Tambee,West,252861
12/9/2021,Jabberbean,East,966519
1/28/2020,Buzzbean,East,638357
10/9/2020,Yombu,North,701274
6/12/2021,Thoughtmix,South,614109
9/8/2020,Youspan,East,233932
8/19/2020,Realcube,North,238137
9/11/2021,Agivu,East,480537
6/3/2020,Kwimbee,Central,937455
3/17/2020,Browsecat,South,831361
2/14/2020,Skiptube,Central,804059
1/15/2021,Devbug,North,766787
11/23/2021,Twitterbeat,West,150928
3/26/2021,Twitterbridge,Central,759940
10/19/2021,DabZ,South,275442
9/22/2020,Oyonder,Central,394803
1/15/2020,LiveZ,North,995889
4/2/2021,Quinu,North,120292
4/6/2021,Avaveo,North,537266
11/15/2021,Meevee,Central,910151
5/21/2021,Omba,Central,190418
10/26/2021,Blogtag,East,875931
7/14/2020,Topiclounge,West,449375
10/21/2020,Mycat,East,293590
6/15/2020,Nlounge,North,896594
2/12/2020,Demizz,East,302000
9/29/2021,Youfeed,East,662374
5/20/2021,Jaxnation,East,174975
8/8/2021,Minyx,East,124136
3/28/2020,Linklinks,North,703447
9/11/2020,Flashspan,West,696712
2/23/2021,Bluejam,East,625864
3/19/2020,Geba,North,729231
8/1/2020,Leexo,North,514665
12/3/2020,Kimia,Central,712817
8/15/2021,Jabbertype,North,462642
9/9/2021,Twitterbridge,East,437621
7/5/2020,Quatz,Central,748008
11/26/2021,Lajo,North,535244
5/15/2021,Twitterbeat,West,411372
10/18/2021,Browsetype,West,817704
6/16/2020,Edgepulse,East,446851
8/13/2020,Eare,North,637347
7/27/2020,Eabox,Central,753823
12/29/2021,Meeveo,Central,383720
11/2/2020,Jayo,South,577910
12/4/2021,Zoomdog,East,940127
6/2/2020,Rhyloo,South,854131
4/26/2021,Lazz,West,367779
4/26/2021,LiveZ,North,748610
12/18/2020,Divavu,West,608391
7/26/2020,Fivechat,Central,391002
5/26/2020,Demivee,South,900776
12/4/2020,Skalith,Central,482369
7/13/2020,Jabbertype,North,668190
5/14/2021,Cogidoo,West,725683
8/6/2021,Jaloo,Central,884114
10/13/2020,Demivee,East,607298
9/19/2021,Zoonoodle,East,183275
9/1/2021,Babblestorm,West,674026
8/8/2021,Yakijo,West,637369
2/23/2021,Photobug,South,117770
3/19/2021,Skidoo,West,860884
12/9/2021,Bubblemix,West,668503
6/9/2021,Innojam,East,399853
12/31/2020,Agimba,East,813950
9/9/2021,Fanoodle,South,778979
3/17/2020,Meevee,West,641497
7/15/2021,Wikido,North,497478
7/11/2020,Flipbug,Central,869587
11/23/2021,Photobug,Central,872712
1/25/2020,Shuffledrive,Central,303541
2/17/2021,Eamia,Central,260873
12/25/2021,Quatz,East,545340
6/27/2020,Roomm,Central,214659
11/26/2020,Jabberstorm,South,782957
11/8/2020,Quatz,East,362719
10/16/2020,Devpoint,Central,184514
5/19/2020,Devify,South,450001
7/14/2021,Kwimbee,West,689840
8/9/2021,Nlounge,North,598090
6/14/2020,Leexo,North,403718
3/6/2021,Ntags,East,840593
5/29/2020,Kayveo,East,822044
3/7/2021,Meezzy,West,398073
12/12/2021,Vinder,Central,846698
9/6/2021,Myworks,West,409555
4/28/2021,Topicstorm,Central,752230
11/12/2020,Quatz,South,301919
1/12/2020,Thoughtworks,West,820518
4/9/2020,Oodoo,North,744081
8/13/2021,Feednation,South,387672
11/1/2021,Tagpad,North,847104
1/18/2020,Camido,East,973847
3/18/2020,Gigashots,North,963752
12/3/2020,Babbleopia,East,881473
11/24/2020,Viva,West,925960
3/14/2021,Meejo,South,399116
12/1/2020,Skiptube,East,678399
6/9/2020,Innojam,West,897587
3/4/2021,Avaveo,North,740360
7/20/2020,Zava,Central,166106
4/15/2020,Thoughtworks,West,711143
8/15/2021,Flashpoint,Central,937648
8/16/2020,Skimia,East,163231
12/3/2020,Twitterbridge,Central,635557
9/7/2020,Dynazzy,East,780546
1/20/2021,Devpoint,South,942087
6/12/2021,Feedmix,Central,489397
7/28/2021,Geba,South,190317
10/3/2021,Zoozzy,South,353479
1/15/2021,Mybuzz,Central,632123
9/30/2020,Photolist,South,735437
4/2/2021,Oyoloo,East,642764
4/6/2021,Skimia,East,820120
8/14/2020,Fivebridge,South,839785
10/20/2020,Eabox,West,379435
2/13/2020,Jatri,West,292476
11/9/2021,Dazzlesphere,North,443231
4/26/2020,Divavu,North,182412
4/24/2020,Edgeblab,South,349847
5/30/2021,Abatz,North,476821
9/27/2020,Agivu,Central,157351
10/18/2021,Eimbee,West,220563
12/13/2020,Blogtag,West,217329
1/22/2020,Oba,North,191907
7/14/2021,Innojam,East,265464
2/6/2021,Brainbox,West,511465
7/15/2020,Realpoint,West,233209
12/7/2020,Wikizz,South,412801
4/21/2020,Quimba,West,752414
10/19/2020,Jabbertype,North,626853
12/6/2021,Rhynoodle,West,410290
3/13/2021,Ailane,West,138978
10/9/2021,Eayo,Central,203801
2/20/2021,Pixope,South,159007
3/14/2021,Oyoba,South,142597
7/24/2021,Quatz,East,633716
9/7/2020,Agimba,Central,332534
9/13/2021,Oyope,East,578480
6/17/2021,Flipopia,South,791617
7/12/2021,Kwimbee,South,975508
4/14/2020,Skimia,West,140363
12/22/2020,Photobean,West,216017
8/15/2021,Yodel,South,760451
9/21/2021,Einti,South,340378
12/4/2021,Twitterlist,West,688715
3/23/2020,Thoughtmix,North,757750
6/3/2021,Fliptune,North,796776
7/6/2021,Brainlounge,North,204013
11/28/2021,Trilia,East,539182
8/31/2021,Devify,East,522049
8/16/2020,Mynte,South,226650
12/30/2021,Thoughtstorm,West,549172
6/24/2020,Myworks,Central,880292
11/11/2021,Oyoyo,South,191922
1/26/2020,Skidoo,West,479121
7/13/2021,LiveZ,Central,789408
9/15/2020,Wordware,East,422711
3/14/2020,Voolia,North,913073
7/16/2021,Gigaclub,West,477362
2/1/2020,Zoombox,Central,646541
3/7/2021,Realbuzz,West,650085
2/11/2020,Roodel,Central,682965
8/15/2021,Skajo,West,174031
12/14/2020,Feedmix,West,725751
1/13/2020,Topicshots,West,455118
5/25/2020,Wordpedia,West,334955
2/9/2020,Yacero,North,230191
11/25/2020,Quimm,East,564978
7/17/2020,Avaveo,North,141568
6/9/2021,Chatterbridge,Central,268752
11/19/2021,Yodoo,North,363058
5/28/2021,BlogXS,South,642549
5/23/2020,Yadel,West,539678
12/20/2021,Tagfeed,Central,435944
10/10/2021,Centizu,South,662190
9/20/2021,Omba,South,376349
1/18/2021,Wikibox,North,283566
3/9/2021,Flipstorm,West,826280
5/25/2020,Agimba,North,416617
1/8/2021,Twimbo,North,327253
9/8/2020,Photobean,South,670276
7/30/2020,Oyoloo,West,698912
7/23/2021,Skivee,South,864227
8/2/2020,Twitterbridge,West,972648
7/18/2020,Roodel,East,395372
11/19/2021,Tekfly,South,221383
1/28/2021,Pixope,Central,654295
8/8/2020,Zoozzy,North,646797
3/14/2020,Kaymbo,East,641874
7/20/2021,Fadeo,Central,464736
5/24/2020,Trunyx,West,777796
12/3/2020,Voomm,East,141558
11/10/2021,Zooxo,South,565260
5/27/2021,Brainlounge,West,157247
9/27/2020,Tambee,North,490376
12/22/2020,Aivee,North,362237
10/5/2021,Photobug,South,889941
10/1/2021,Chatterbridge,Central,237268
8/5/2020,Eire,North,894559
4/10/2021,Dabshots,Central,700065
10/19/2020,Avavee,Central,273440
7/31/2020,Meejo,South,370326
4/9/2020,Kazio,East,526532
3/24/2021,Photobean,North,866031
8/4/2020,Skajo,North,260116
7/1/2021,Wordify,West,964018
8/22/2020,Mydo,East,932152
3/20/2020,Jaxbean,North,631810
12/26/2020,Browseblab,Central,557931
7/19/2021,Fivespan,North,534440
6/15/2020,Wikido,Central,561526
10/19/2021,Edgeblab,South,833332
8/11/2021,Brainsphere,South,626308
2/17/2020,Bubbletube,East,868847
8/6/2021,Devpulse,East,542604
10/2/2021,Trudoo,North,198939
1/3/2020,Meevee,North,330557
11/6/2020,Brainbox,Central,826389
10/6/2021,Youspan,West,713091
12/4/2020,Quatz,Central,343514
8/6/2020,Plajo,Central,131974
6/12/2020,Thoughtstorm,West,463375
8/13/2020,Eabox,North,742022
7/12/2021,Tazz,North,929669
11/20/2021,Skinte,West,629313
4/19/2020,Kwideo,South,472373
3/28/2020,Jabbertype,West,764289
9/24/2020,Yambee,Central,404366
12/29/2021,Vinder,West,473473
7/2/2020,Thoughtblab,West,921531
10/29/2020,Avaveo,East,329205
7/4/2020,Geba,East,472453
7/16/2021,Eare,South,980196
5/4/2020,Browsetype,West,495574
8/10/2020,Twitternation,West,500847
11/17/2020,Eare,North,640552
7/1/2021,Zoovu,Central,865503
7/15/2021,Wikizz,East,244704
6/27/2021,Babbleset,East,689886
9/20/2021,Brainsphere,North,625501
10/6/2021,Yacero,West,999397
12/27/2020,Jetwire,East,906017
2/10/2021,Gabtype,Central,133179
2/1/2021,Zoomzone,South,182980
12/9/2021,Bluezoom,East,271489
11/19/2020,Oyope,East,203070
11/10/2020,Meezzy,South,647643
8/11/2020,Divanoodle,South,669859
12/24/2020,Fiveclub,Central,629510
9/16/2021,Kimia,East,392037
9/3/2020,Meezzy,South,222063
7/2/2020,Skyba,East,134457
7/13/2021,Feedfish,Central,736906
10/30/2020,Mynte,North,587236
6/10/2021,Blogpad,East,270836
3/3/2020,Voonyx,Central,663700
8/7/2021,Linklinks,West,388653
2/5/2020,Oyoyo,East,413643
4/18/2020,Oyoyo,East,157009
1/27/2021,Oyonder,East,105100
10/18/2020,Jaxspan,North,693188
9/7/2020,Photobean,Central,677781
12/11/2021,Realblab,West,383994
2/8/2021,Divape,Central,953727
9/7/2020,Livetube,West,724417
5/8/2021,Innojam,South,780441
9/25/2020,Flashdog,North,788952
6/11/2021,Wikizz,Central,137106
9/27/2021,Roombo,West,747787
4/25/2021,DabZ,North,722014
10/22/2021,Jaxspan,West,696386
10/18/2021,Youbridge,Central,458063
3/24/2020,Linktype,West,743997
4/26/2021,Browsezoom,North,347666
3/17/2021,Kwinu,East,914552
2/12/2021,Wikizz,East,814257
7/27/2021,Ntag,South,859674
2/8/2020,Buzzster,West,897391
12/14/2021,Photolist,West,397268
3/11/2021,Eazzy,South,910674
12/5/2020,Katz,Central,114840
10/21/2020,Abata,South,853515
7/24/2020,Voolia,North,720615
3/31/2021,Youbridge,South,829995
7/25/2021,Brightbean,Central,574021
7/2/2020,Izio,North,588424
11/26/2021,Jaxnation,Central,321708
8/8/2021,Browsezoom,South,299823
5/15/2021,Eimbee,East,265184
7/26/2021,Edgepulse,North,767311
5/22/2021,Zoomdog,North,559485
5/10/2020,Quire,North,625744
3/9/2020,Roodel,East,324373
12/31/2020,Feedspan,Central,152951
5/18/2021,Linklinks,Central,309376
11/22/2020,Tambee,West,766743
5/19/2020,Kaymbo,East,399809
3/24/2021,Cogibox,South,635061
7/15/2020,Voomm,South,536916
1/26/2021,Fivespan,West,283527
10/26/2021,Skimia,East,897375
6/6/2021,Thoughtbeat,North,258627
4/19/2020,Kwideo,West,497434
1/28/2020,Abatz,East,598265
6/16/2020,Mycat,Central,231212
3/18/2021,Fivespan,South,364888
11/5/2021,Abata,North,554732
12/5/2021,Riffpedia,North,412678
6/30/2021,Dabtype,East,700118
8/11/2021,Voomm,South,810876
5/10/2020,Devcast,North,573287
4/2/2020,Quimba,West,931293
4/13/2020,Skidoo,West,477683
6/15/2021,Dabfeed,West,278923
1/11/2021,Meejo,East,615962
11/6/2021,Brainbox,South,701204
1/28/2020,Tagcat,East,660485
8/26/2021,Jabbertype,Central,472225
7/29/2021,Kayveo,North,265290
3/21/2020,Browsebug,Central,828461
9/6/2020,Lazz,South,154468
8/20/2021,Devpoint,North,234088
9/6/2021,Ozu,Central,717410
3/30/2020,Brightbean,South,202650
8/29/2021,Buzzshare,North,383900
12/4/2021,Zoombox,South,790759
5/9/2020,Brightbean,East,305717
3/14/2020,Myworks,West,761601
12/13/2020,Realcube,East,497883
4/11/2021,Linklinks,North,910586
5/25/2020,Gabvine,East,712339
5/21/2020,Dabjam,South,965972
3/22/2020,Fivechat,West,439607
8/17/2020,Dynabox,East,533629
1/1/2020,Zoomcast,South,280197
7/2/2020,Mynte,South,421264
11/19/2021,Blognation,East,408766
12/1/2021,Meetz,West,142982
10/14/2021,Yakijo,East,596394
7/27/2021,Eabox,Central,680045
9/5/2020,Voomm,North,533706
12/25/2020,Nlounge,Central,893385
8/27/2021,Topdrive,East,171190
1/30/2021,Realcube,West,244105
8/3/2021,Skivee,East,464507
11/15/2021,Gigazoom,North,206528
8/25/2020,Youspan,West,955927
10/31/2021,Skippad,North,331357
11/16/2021,Wikizz,South,466049
3/16/2021,Rhycero,South,839662
9/21/2021,Eayo,East,253013
7/3/2021,Camido,Central,254151
9/13/2021,Abata,South,111845
6/1/2020,Twitterbeat,West,765659
10/10/2020,Feednation,North,922261
3/10/2021,Skipfire,North,530831
12/1/2021,Plambee,Central,300206
1/4/2020,DabZ,North,414590
2/28/2021,Divanoodle,West,460709
9/5/2021,Skajo,South,743507
4/30/2021,Kwinu,East,174005
1/15/2020,Kamba,West,243256
9/4/2021,Gabspot,East,171679
2/1/2020,Vipe,West,140012
3/2/2021,Realcube,South,219834
8/3/2020,Aibox,North,836628
1/9/2020,Eidel,Central,410434
6/26/2021,Flashset,Central,408551
5/7/2021,Voolith,West,870804
11/4/2021,Babbleblab,West,842191
7/19/2020,Voomm,North,669106
5/18/2021,Bubbletube,East,132482
7/14/2021,Pixoboo,South,348712
4/20/2021,Vimbo,West,446076
11/3/2020,Twimbo,East,792481
5/14/2021,Jaxworks,North,449696
2/21/2021,Oodoo,East,715209
5/17/2020,Wikizz,West,551479
8/26/2020,Ntag,North,187156
12/2/2020,Rooxo,North,409403
1/9/2021,Demivee,North,421718
11/10/2021,Skinder,North,268084
11/18/2020,Bubblebox,East,766093
